"status","label","pdf_name","matched_program","match_method","program_id"
"1","Varsity","AIC","American International College","alias","CGMpM0moyDG8wIAw8nLb"
"1","Varsity","Belmont Abbey","Belmont Abbey College","contains","XMCJQAjRdIHgsYAiU1qb"
"1","Varsity","Christendom College","Christendom College","exact","hZBXuI8WN7rfxd6Qktwd"
"1","Varsity","Franciscan Univ.","Franciscan University of Steubenville","contains","BymOcASvYDXxrRcreQl4"
"1","Varsity","Life University","Life University","exact","75GSiX26geUHyQ9xpxXf"
"1","Varsity","Marian","Marian University","contains","hqOqmRVHpniqz2DMTk9L"
"1","Varsity","McKendree","McKendree University","contains","37egPKAa7rakbQ0DJxhC"
"1","Varsity","Norwich","Norwich University","contains","lKSkekvF9YC6wwb6WgxH"
"1","Varsity","Queens","Queens University of Charlotte","contains","NKIsyrZR5VRudDmhTGXu"
"1","Varsity","Southern Nazarene","Southern Nazarene University","contains","EgS95fUGwsvboe2xq78E"
"1","Varsity","Southern Virginia","Southern Virginia University","contains","jkD6YLotSyGEOLmwtWDD"
"1","Varsity","St. Bonaventure","St. Bonaventure University","contains","VqdYAc5KIxwfCllDaRv7"
"1","Varsity","Catholic Univ.","The Catholic University of America","contains","ghV11vdlvS4RF3ARkH1c"
"1","Varsity","Thomas More","Thomas More University","contains","kP9eElgBSZqOQfZwskHZ"
"1","Varsity","Trine","Trine University","contains","ZF8qBOpF99VnkctOvCRW"
"1","Varsity","Army","United States Military Academy","alias","cXMLRg3aTlcMAGVtPeLB"
"1","Varsity","Navy","United States Naval Academy","alias","HvsyPqmmkbJZrQbtVND7"
"1","Varsity","Cal","University of California, Berkeley","alias","UbvXuhsHs570jG0M6X5G"
"1","Varsity","Rio Grande","University of Rio Grande","contains","XbCEGWYTOhskEcNcuw7T"
"1","Varsity","St. Thomas","University of St. Thomas","tiebreak","CT54LuNOevBTqP7RvLHU"
"1","Varsity","Walsh","Walsh University","contains","UU5tJ2dEBDLO29kbETE0"
"1","Varsity","Wheeling","Wheeling University","contains","MSWsFxkEl2gpoKS2JZid"
"1","Varsity","Wingate","Wingate University","contains","vpxMHObcGjqAdv6zlKsA"
"2","Sanctioned","Adrian","Adrian College","contains","fYZybfOTDBqM2AuTBRnz"
"2","Sanctioned","Aquinas","Aquinas College","contains","xfzZgleNc9RY815pp2OW"
"2","Sanctioned","Babson","Babson College","contains","3X93BWC7BxH74khY1lVq"
"2","Sanctioned","Brown","Brown University","fuzzy 1.00","WU892aA5VgYOxOdWBmJp"
"2","Sanctioned","Cal Maritime","California State University Maritime Academy","alias","YRTiRQmNxUqzjpy1BJKJ"
"2","Sanctioned","Clemson","Clemson University","contains","Siq1xPrDe0dACXqYQaew"
"2","Sanctioned","Davenport","Davenport University","contains","5oUbnJ3i4s0uiPz8prwb"
"2","Sanctioned","Drury","Drury University","contains","x9J4hZmum0DmjmKlERJx"
"2","Sanctioned","Endicott College","Endicott College","exact","rJviUJb4aPQiFfcFGwE3"
"2","Sanctioned","Fairfield","Fairfield University","contains","wdLZkeLIqMQgMllFbVS4"
"2","Sanctioned","Frostburg State Univ.","Frostburg State University","exact","5e5DIYwHb5Ct7xnv7pEv"
"2","Sanctioned","Furman Univ.","Furman University","exact","BiAbB75P8ZSTGDrzOeDi"
"2","Sanctioned","Grand Canyon","Grand Canyon University","contains","Zc8yl8g9YXEASdrmKPrJ"
"2","Sanctioned","Hampden-Sydney College","Hampden-Sydney College","exact","evD5wokxoEyfKhIs2fnw"
"2","Sanctioned","Iona","Iona University","fuzzy 1.00","f5RSPOhhYOUNUtbuv2JQ"
"2","Sanctioned","Kutztown","Kutztown University of Pennsylvania","contains","IDeLBFmxQQVpb39fYVi5"
"2","Sanctioned","Lander","Lander University","contains","Nvi6whSbtYEMMLsMNHtb"
"2","Sanctioned","Lindenwood","Lindenwood University","contains","9bCzzLDgUMVr1HilZq1Q"
"2","Sanctioned","Marywood Univ.","Marywood University","exact","Qwes3KduquFx5K1NoCtV"
"2","Sanctioned","Mount St. Mary's","Mount St. Mary's University","contains","LKneACjycnA8RvW5h2iP"
"2","Sanctioned","Principia","Principia College","contains","JOPGmjTwcXuumxBFMF1E"
"2","Sanctioned","Roger Williams Univ.","Roger Williams University","exact","uP3y6vPAPLz5tfSkP0Lw"
"2","Sanctioned","Siena","Siena College","contains","W9gCCcR9fcE1xXoAIFkm"
"2","Sanctioned","Slippery Rock Univ.","Slippery Rock University","exact","hszRqY6oS1Mhe15nNMzC"
"2","Sanctioned","Coast Guard","United States Coast Guard Academy","alias","pHzyjeC8FLCsKXV4r23L"
"2","Sanctioned","US Merchant Marine Academy","United States Merchant Marine Academy","alias","zZSesIBKHvPOPKekm6C9"
"2","Sanctioned","Univ. of Denver","University of Denver","exact","LWxS81aQoHIHxkCyPaqI"
"2","Sanctioned","Kentucky","University of Kentucky","tiebreak","bBARYE2gyLOOMeEnpAfe"
"2","Sanctioned","Mary Washington","University of Mary Washington","contains","g0UBR7wSxtkkJBTXTzYT"
"2","Sanctioned","U. Notre Dame","University of Notre Dame","fuzzy 1.00","5BpRZ8cSDlC8ncbYyShp"
"2","Sanctioned","Tennessee","University of Tennessee","tiebreak","1ubclzhkIz2b9F425KU3"
"2","Sanctioned","Vassar College","Vassar College","exact","Bqxv1tdlggpidPPALezB"
"2","Sanctioned","Wayne State","Wayne State College","contains","Lm8i9P079Cwjginj7itj"
"3","Endowed","Arkansas State","Arkansas State University","contains","3CYqixveB8EgXtKkAzgd"
"3","Endowed","BGSU","Bowling Green State University","alias","p2zEf1tyNuAbUxmHjMXH"
"3","Endowed","BYU","Brigham Young University","alias","KVorHfNr8My9FluIWm7S"
"3","Endowed","Cal Poly","California Polytechnic State University","alias","4dBWmdmiyUywwTKMq6s9"
"3","Endowed","Cornell","Cornell University","contains","JqXUagJYGK5th1u8feGZ"
"3","Endowed","Dartmouth","Dartmouth College","fuzzy 1.00","xEWAuDvogslyipMg0m47"
"3","Endowed","Fordham","Fordham University","contains","JEjSMCfe83LNUNFU9G2F"
"3","Endowed","Grand Valley State","Grand Valley State University","contains","Q5AYiPfrGEyEfVwSgCZu"
"3","Endowed","Harvard","Harvard University","contains","gVsO9liKuN4btiO2Smcq"
"3","Endowed","IUP","Indiana University of Pennsylvania","alias","LCqAzuD2izJEPRUMBI4b"
"3","Endowed","Louisiana Tech","Louisiana Tech University","contains","q4FaSy59r1BJjDKHl3RD"
"3","Endowed","Miami (OH)","Miami University of Ohio","alias","vP7pV9AfJL2vhEuYAkAv"
"3","Endowed","Miami Univ. of Ohio","Miami University of Ohio","exact","vP7pV9AfJL2vhEuYAkAv"
"3","Endowed","Saint Mary's","Mount St. Mary's University","contains","LKneACjycnA8RvW5h2iP"
"3","Endowed","Saint Louis","Saint Louis University","fuzzy 1.00","aTnwl9ZwwXneNlOi7Ptv"
"3","Endowed","Stanford","Stanford University","contains","FKSUWWN3lNOXWCdb9ISS"
"3","Endowed","Stanford Univ.","Stanford University","exact","FKSUWWN3lNOXWCdb9ISS"
"3","Endowed","Syracuse","Syracuse University","contains","9EzAdK1aC0kFfu9Jn5j3"
"3","Endowed","Texas A&M","Texas A&M University","fuzzy 1.00","5Pdmvcwp8qeXhsQOeV8o"
"3","Endowed","Arizona","University of Arizona","tiebreak","Jl3OY6St25tIgfw9CHwp"
"3","Endowed","UCLA","University of California, Los Angeles","alias","yLYxKe5fIfe0jH460raz"
"3","Endowed","Louisville","University of Louisville","contains","gELDhRpwwJiX2Nwvq5S8"
"3","Endowed","U. San Diego","University of San Diego","fuzzy 1.00","bt86twKvoz8BDzrJQSKc"
"3","Endowed","South Carolina","University of South Carolina","contains","H5QdB3Q9QgO4X1ETOY98"
"3","Endowed","WMU","Western Michigan University","alias","iUhWqvu0c5ZHcKrvt2rb"
"3","Endowed","Western Washington","Western Washington University","contains","wGaqtmHQRr50KjTuKCuS"
"3","Endowed","Yale","Yale University","contains","l3U4Fs43t8rzdeCWhLTm"
"4","Club","Albright College","Albright College","exact","pUdgDojzZerayIS3CoDU"
"4","Club","Alfred Univ.","Alfred University","exact","V1B0p2cxGJFgHz2Sn7wI"
"4","Club","Allegheny College","Allegheny College","exact","nJSO5bSJqP8oVP4cZlfU"
"4","Club","American Univ.","American University","exact","XBskLP1czVIjJVQELqLX"
"4","Club","Amherst College","Amherst College","exact","YozOXYX8HVQZC3H62M6h"
"4","Club","Angelo State Univ.","Angelo State University","exact","Vp65t9mpp39sRwQXHDQ6"
"4","Club","Appalachian State","Appalachian State University","contains","FuBomi4jlr3PlqnNtNNo"
"4","Club","Arizona State","Arizona State University","contains","fW8lPg1nXV5fPnO6C9qd"
"4","Club","Auburn","Auburn University","contains","xXzUDpI7fZffcp8nOpoZ"
"4","Club","Ave Maria","Ave Maria University","contains","rbiwxnyGGaZixTKWfqCi"
"4","Club","Baldwin Wallace Univ.","Baldwin Wallace University","exact","JFuAHb2nt0oxQrt2lSFR"
"4","Club","Bard College","Bard College","exact","HbDnoxLFNiZLtVcoJfh0"
"4","Club","Bates College","Bates College","exact","YlVbLHLhzaVbCKUbWRNN"
"4","Club","Baylor","Baylor University","contains","Sr0R99ToIdDgEN4LZWvC"
"4","Club","Bemidji State Univ.","Bemidji State University","exact","9YWDZOfU5KjFCe5SrGbL"
"4","Club","Benedictine (KS)","Benedictine College","alias","QAB8RzQUTdWfcRUA7qCS"
"4","Club","Benedictine (IL)","Benedictine University","alias","5v3ASpexDAESufWKsY5D"
"4","Club","Bentley Univ.","Bentley University","exact","D518bASLKEl5w7SmlzHy"
"4","Club","Binghamton","Binghamton University (SUNY)","contains","yjx6DzhTu8KeYlhZ27tT"
"4","Club","SUNY Binghamton","Binghamton University (SUNY)","fuzzy 1.00","yjx6DzhTu8KeYlhZ27tT"
"4","Club","Bloomsburg","Bloomsburg University of Pennsylvania","contains","9zBc9LanUyfVOHwEuGCH"
"4","Club","Bloomsburg Univ.","Bloomsburg University of Pennsylvania","contains","9zBc9LanUyfVOHwEuGCH"
"4","Club","Boise State","Boise State University","contains","X6PMO6tXqifegFafVBuy"
"4","Club","Boise State Univ.","Boise State University","exact","X6PMO6tXqifegFafVBuy"
"4","Club","Boston College","Boston College","exact","Id6XOOsIbrsKZsL1FyAF"
"4","Club","Boston U","Boston University","contains","g9nOehTRfxFV08C7mrXi"
"4","Club","Bowdoin College","Bowdoin College","exact","AmekQztUmU502ojqKzzr"
"4","Club","Bridgewater State Univ.","Bridgewater State University","exact","PVVqiD9u3fy2liy6b7ye"
"4","Club","Bryant Univ.","Bryant University","exact","IwwhlosEc5UwdF3ZrFBO"
"4","Club","Bucknell","Bucknell University","contains","0OJ4HNz51m2KJdGK4i9O"
"4","Club","Bucknell Univ.","Bucknell University","exact","0OJ4HNz51m2KJdGK4i9O"
"4","Club","California Lutheran","California Lutheran University","contains","ho90YK7f16JTe7qWIzDd"
"4","Club","Chico State","California State University, Chico","alias","X2LFcaFyE8KplOlT22sj"
"4","Club","Fresno State","California State University, Fresno","alias","z6WoXaHhqz6T1Ja4gAoc"
"4","Club","California State Fullerton","California State University, Fullerton","fuzzy 1.00","2aG5paa7tUAZSgAuAjRQ"
"4","Club","CSULB","California State University, Long Beach","alias","LiLXP2bINUeJH78yr1eh"
"4","Club","CSU Monterey Bay","California State University, Monterey Bay","alias","fV8Rf62vARf9PWpAfYcT"
"4","Club","Sacramento State","California State University, Sacramento","alias","xAJC3dXYWndd0B6EWjAi"
"4","Club","Canisius College","Canisius University","fuzzy 1.00","HrWgjDrmNIIyvjr027YU"
"4","Club","Carleton College","Carleton College","exact","6C1ePdzuKi5uZVUKCg5D"
"4","Club","Carnegie Mellon Univ.","Carnegie Mellon University","exact","wOWTS3dz64meSAcdcCX9"
"4","Club","Case Western Reserve Univ.","Case Western Reserve University","exact","PLh3DAxq7r1csqRUfmL5"
"4","Club","Cedarville Univ.","Cedarville University","exact","ePpl3ex1V5GEjhK2OSGT"
"4","Club","Central Connecticut State Univ.","Central Connecticut State University","exact","9WAW7pBR7ghWGrQxBTda"
"4","Club","Central Michigan","Central Michigan University","contains","UfkEa4v3CAk4aZGcJHM5"
"4","Club","Central Oregon Community College","Central Oregon Community College","exact","3YUOgQfaE8S6cGSqaUEZ"
"4","Club","CWU","Central Washington University","alias","Pm5q4KD7NPPh4on4VNz7"
"4","Club","Champlain College","Champlain College","exact","PjT9BVzgleXPqTkEXaES"
"4","Club","Christopher Newport Univ.","Christopher Newport University","exact","OO3ECZnMQGKtK5P6PYRb"
"4","Club","Claremont Colleges","Claremont Colleges","exact","E4ariqgkcdJ6nWJZ5ylX"
"4","Club","Clarkson Univ.","Clarkson University","exact","mA8yHyYh4hQWX6rGMkW0"
"4","Club","Coastal Carolina","Coastal Carolina University","contains","leR41ea83z9c3A7uZUEF"
"4","Club","Colby College","Colby College","exact","33F0B2zzVmupPzY00iGl"
"4","Club","Colgate","Colgate University","contains","pjVQB0vJDyuq4GpVxnlN"
"4","Club","Colgate Univ.","Colgate University","exact","pjVQB0vJDyuq4GpVxnlN"
"4","Club","College of Charleston","College of Charleston","exact","YqO7fxxMBoV5gNWbM6kg"
"4","Club","College of St. Scholastica","College of St. Scholastica","exact","tPYrWGfu1i299gm32No3"
"4","Club","College of the Holy Cross","College of the Holy Cross","exact","KH56hNaCGEMKcTjPSsBe"
"4","Club","College of William & Mary","College of William & Mary","exact","8OtJFk0YpeQj1DaonHBB"
"4","Club","Colorado","Colorado College","fuzzy 1.00","cP6OIMeX0WKc2CJTeYeo"
"4","Club","Colorado College","Colorado College","exact","cP6OIMeX0WKc2CJTeYeo"
"4","Club","Colorado Mesa","Colorado Mesa University","contains","CDaxnxKdAGM4zX2R7X9f"
"4","Club","Colorado Mesa Univ.","Colorado Mesa University","exact","CDaxnxKdAGM4zX2R7X9f"
"4","Club","Colorado Mines","Colorado School of Mines","fuzzy 1.00","bxDWVXGJCZCQW8SMzPip"
"4","Club","Colorado School of Mines","Colorado School of Mines","exact","bxDWVXGJCZCQW8SMzPip"
"4","Club","Colorado State","Colorado State University","tiebreak","f7cBON1vGDygF5lLsWuW"
"4","Club","Columbia","Columbia University","contains","lhqS0Lu3RNlwizdGIW1p"
"4","Club","Connecticut College","Connecticut College","exact","WqeFPSAhAp5X1pMN2qaT"
"4","Club","Curry College","Curry College","exact","zIXUFrM6doEVJ67c7Bd0"
"4","Club","Denison Univ.","Denison University","exact","A8KfN2PmjcYJgbQLdIBX"
"4","Club","DePaul","DePaul University","contains","6Sgna4KycJ1Al7eyMfUP"
"4","Club","DeSales Univ.","DeSales University","exact","6VpAFGh7pG0K3PPNYmnK"
"4","Club","Drew Univ.","Drew University","exact","HKbpvAQOMfYGIssxJsuX"
"4","Club","Drexel","Drexel University","contains","voe0MyvKtWeqgPYjXpNp"
"4","Club","Duke","Duke University","contains","8SQluMfBqCqUcO2p4y8z"
"4","Club","East Carolina","East Carolina University","contains","fozc2ExB6Ixy8sjaUfPR"
"4","Club","East Stroudsburg Univ.","East Stroudsburg University","exact","a01yRmNQDuOhykmVFLm8"
"4","Club","East Stroudsburg","East Stroudsburg University","contains","a01yRmNQDuOhykmVFLm8"
"4","Club","Eastern Connecticut State Univ.","Eastern Connecticut State University","exact","YKkWK95oC9TxsW4sPUn0"
"4","Club","Eastern Kentucky Univ.","Eastern Kentucky University","exact","uT7QB8XLRgcEbrPPYkfT"
"4","Club","Eastern Kentucky","Eastern Kentucky University","contains","uT7QB8XLRgcEbrPPYkfT"
"4","Club","Eckerd","Eckerd College","contains","zqmWRbpPrLViQgpVE6xX"
"4","Club","Elon Univ.","Elon University","exact","VH2xgAGFSbGXDWKzAQI3"
"4","Club","Embry Riddle","Embry-Riddle Aeronautical University","contains","wn2mFk3nOXfcnDxPZy63"
"4","Club","Emory and Henry College","Emory and Henry College","exact","60Hh3muYdNuG8J7KJAfm"
"4","Club","Emory Univ.","Emory University","exact","pkhY66rgrGTMx3OnD123"
"4","Club","Fairfield Univ. (B Side)","Fairfield University","contains","wdLZkeLIqMQgMllFbVS4"
"4","Club","Fairmont State Univ.","Fairmont State University","exact","hYbpj6kVftxrcMe06yi5"
"4","Club","Ferris State","Ferris State University","contains","6ey9FKqVGSnvv4BD6Fe2"
"4","Club","FAU","Florida Atlantic University","alias","tu643g8R1zo9tlUaseJo"
"4","Club","Florida State","Florida State University","contains","dW5Q7x9mitheHS1YYgTd"
"4","Club","Franklin & Marshall College","Franklin & Marshall College","exact","7rP0nF5GtldIf7igriGA"
"4","Club","Franklin Pierce Univ.","Franklin Pierce University","exact","oXcbS1TIg1o4mrJH8q4x"
"4","Club","Geneva College","Geneva College","exact","AtzjXTahDDgRXBe4UsgG"
"4","Club","George Mason Univ.","George Mason University","exact","7Z6WjMwxtsFpKivfGcyi"
"4","Club","George Mason","George Mason University","contains","7Z6WjMwxtsFpKivfGcyi"
"4","Club","George Washington Univ.","George Washington University","exact","AD6ADiHBP268IgkCEK7q"
"4","Club","Georgetown","Georgetown University","contains","nTYzF60jYrgjcd3Id2Dd"
"4","Club","Georgia College and State Univ.","Georgia College and State University","exact","y5gMq7T05DlU8f5t9IbU"
"4","Club","Georgia State","Georgia College and State University","fuzzy 1.00","y5gMq7T05DlU8f5t9IbU"
"4","Club","Georgia Institute of Technology","Georgia Institute of Technology","exact","0SGxDharAOFbUUrTKjl8"
"4","Club","Gettysburg College","Gettysburg College","exact","GGiVrPtOJaHaYEBlus7d"
"4","Club","Gonzaga Univ.","Gonzaga University","exact","Kr1FAKtSFyHvb3cXXjCl"
"4","Club","Grove City College","Grove City College","exact","UAOTL2FKix13sUekAA4K"
"4","Club","Hamilton College","Hamilton College","exact","gkXS872YdoI1qQXq4KYh"
"4","Club","Haverford College","Haverford College","exact","AJaqs7DAcpVPmhb6yptw"
"4","Club","Hillsdale College","Hillsdale College","exact","A1yp29uAulkKS0vzSbuT"
"4","Club","Hofstra Univ.","Hofstra University","exact","RbnBeLiu41jasAmf5ncf"
"4","Club","Howard Univ.","Howard University","exact","ESP8do08owDJrPYRFseH"
"4","Club","Idaho State Univ.","Idaho State University","exact","tzXgoyxgno9OtfR5xt5d"
"4","Club","Illinois State","Illinois State University","contains","XOAa4xS9Tczv07NDGdY2"
"4","Club","Iowa State","Iowa State University","contains","rgL3SYDMq2yySe5BoqHo"
"4","Club","Ithaca College","Ithaca College","exact","ke2ALx8OAUEXmYZgXEfY"
"4","Club","James Madison","James Madison University","contains","KH7yP3w43chEkbPgiVKe"
"4","Club","John Brown","John Brown University","contains","ll8HNrLBIwv6LxzWPnJV"
"4","Club","John Carroll Univ.","John Carroll University","exact","fmf5Pw6pHIxl0IYY6gbU"
"4","Club","Johns Hopkins Univ.","Johns Hopkins University","exact","H2wTJl9Fj4TS34cYuSlx"
"4","Club","Juniata College","Juniata College","exact","FNYgWK6xPAOJYv5jHNld"
"4","Club","Kansas State","Kansas State University","tiebreak","s53SRvl5VPQITqGgGt8u"
"4","Club","Keene State College","Keene State College","exact","haGsj4BC1BpGmoA1jiII"
"4","Club","Kennesaw State","Kennesaw State University","contains","1l7elZneRv6V1Fz4aRgU"
"4","Club","Kent State Univ.","Kent State University","exact","wEB9j2e9SFOpv8IrSFQa"
"4","Club","Kent State","Kent State University","contains","wEB9j2e9SFOpv8IrSFQa"
"4","Club","Kenyon College","Kenyon College","exact","VIko0sCmdpBk4haoJSd1"
"4","Club","Lafayette College","Lafayette College","exact","OmXs1TW0GsiKgtZ0kI6c"
"4","Club","Lander Univ.","Lander University","exact","Nvi6whSbtYEMMLsMNHtb"
"4","Club","Lasell Univ.","Lasell University","exact","IVwj078ORPLPdpH0frjE"
"4","Club","Le Moyne College","Le Moyne College","exact","avy3KovxuwDyOBT5xoyb"
"4","Club","Lee Univ.","Lee University","exact","GORXPAL8PVUYnORP1gZJ"
"4","Club","Lehigh Univ.","Lehigh University","exact","aE98VG7TkRjKc6zO7Sov"
"4","Club","Lehigh","Lehigh University","contains","aE98VG7TkRjKc6zO7Sov"
"4","Club","LeTourneau Univ.","LeTourneau University","exact","MwqQDXgJiWLtG62xi8FO"
"4","Club","Longwood Univ.","Longwood University","exact","dhjZShQ98diqbxlHbEhS"
"4","Club","LSU","Louisiana State University","alias","J4PcN3AwzxwJo1W2YC11"
"4","Club","Louisiana Tech Univ.","Louisiana Tech University","exact","q4FaSy59r1BJjDKHl3RD"
"4","Club","Loyola Marymount","Loyola Marymount University","contains","gOXrh5zQLS1yrB58Qgi0"
"4","Club","Loyola - Chicago","Loyola University Chicago","fuzzy 1.00","oJIAWXWa3PXawcPGGv3A"
"4","Club","Loyola Univ. - Maryland","Loyola University Maryland","exact","DiOQJgyPNYCT9hf43tQy"
"4","Club","Macalester College","Macalester College","exact","KNuXiuzOIQrNCwCpNen7"
"4","Club","Marist","Marist College","contains","WcCclO0iDG33KHddOMVQ"
"4","Club","Marshall Univ.","Marshall University","exact","FO6AYEP8HzhlfIDJeRim"
"4","Club","Maryville","Maryville University","contains","9h2trhfRp3JODHH5x5f5"
"4","Club","Massachusetts Maritime Academy","Massachusetts Maritime Academy","exact","TcXHaP9WTwBrbRPwG7ek"
"4","Club","Merrimack College","Merrimack College","exact","YC52ydVRea3oy2InhZnE"
"4","Club","Michigan State","Michigan State University","contains","1iFe7GVIRZOQTYaTB8Lh"
"4","Club","Michigan Tech","Michigan Technological University","contains","W2LnjQLwPvNSu2zl6pkH"
"4","Club","Middle Tennessee State Univ.","Middle Tennessee State University","exact","qd75Vk4CfgTnGOjvai8S"
"4","Club","Middle Tennessee","Middle Tennessee State University","contains","qd75Vk4CfgTnGOjvai8S"
"4","Club","Middlebury College","Middlebury College","exact","XBrnRXMpaAf7v8Cxsz8l"
"4","Club","Millersville Univ. of Pennsylvania","Millersville University of Pennsylvania","exact","g7ohMzrZuv3ud7ZDFANr"
"4","Club","Minnesota State Univ. - Moorhead","Minnesota State University Moorhead","exact","nXid1E1w8KT0QVGhaYN2"
"4","Club","MiraCosta","MiraCosta College","contains","DFHuO1R1fG7cQXLeGCzB"
"4","Club","Mississippi State","Mississippi State University","contains","IEI2z2VMUIoAxDLC3rAG"
"4","Club","Mitchell College","Mitchell College","exact","zhDQCzzAP6qmqLxK1Ey7"
"4","Club","Molloy College","Molloy University","fuzzy 1.00","wo6vb19zeVZsomM7RPls"
"4","Club","Montana State","Montana State University","contains","62LGoNY5yPaLZXE1gGmC"
"4","Club","Montclair State","Montclair State University","contains","4xCUSVm1aJox64b2oOuh"
"4","Club","Morehouse College","Morehouse College","exact","y9wqDsWeknMuxw2HMlU0"
"4","Club","Nazareth","Nazareth University","contains","LMNz3KImeG7X0r6KesYq"
"4","Club","New England College","New England College","exact","9PDXW5GfQ1BLuYAcSpky"
"4","Club","New Mexico Highlands Univ.","New Mexico Highlands University","exact","y7bnZvfy4sPA3DByMXxb"
"4","Club","New Mexico Tech","New Mexico Institute of Mining and Technology","alias","4jb1VBzjePuUbXPKPDpy"
"4","Club","Nichols College","Nichols College","exact","5iN5D3T6yvrp2Po4lXOZ"
"4","Club","Norco","Norco College","contains","VidLPXKMbBTzw20euyA8"
"4","Club","NC State","North Carolina State University","alias","sQ6dmt9ZqPsaT52YBwEY"
"4","Club","North Dakota State","North Dakota State University","contains","ldhiL8dqvtOpqf7yJZwV"
"4","Club","Northeastern","Northeastern University","contains","bstYtmlf6PV8UDzMBCY8"
"4","Club","Northern Illinois","Northern Illinois University","contains","6LqZ9AXuY1dOR0p5bObz"
"4","Club","Northern Michigan","Northern Michigan University","contains","VH4y8rR5GtjUbpvPgW51"
"4","Club","Northwestern","Northwestern University","contains","Iho7kC6joNrhajcxQg8f"
"4","Club","Oberlin College","Oberlin College","exact","7Etncp56F4jhA0ICZP3L"
"4","Club","Occidental","Occidental College","contains","QDQcbCrh0yY43misdDMO"
"4","Club","Ohio Northern Univ.","Ohio Northern University","exact","3eXFCqVdGDEE0YcWMe7A"
"4","Club","Ohio State","Ohio State University","contains","kPl6FCFCZKfjTnvStxbv"
"4","Club","Ohio U.","Ohio University","exact","HXo8O7khEJUgdhZ2vv05"
"4","Club","Oklahoma State","Oklahoma State University","contains","0kXovy7FOYM8dAJ2VMsJ"
"4","Club","Old Dominion Univ.","Old Dominion University","exact","TZX5wnsrDwkGKubl40Y0"
"4","Club","Old Dominion","Old Dominion University","contains","TZX5wnsrDwkGKubl40Y0"
"4","Club","Oregon Institute of Technology","Oregon Institute of Technology","exact","ptAjpvMkJJ9tmVXfAxcM"
"4","Club","Oregon State","Oregon State University","contains","GmSLhIM8Fphq90EfHFkQ"
"4","Club","Penn State - Berks","Penn State Berks","exact","k11FZdgpULVTyltuiqhO"
"4","Club","Pepperdine","Pepperdine University","contains","NfNs5Tx4IrYb25TV9zzj"
"4","Club","Pittsburg State","Pittsburg State University","contains","zhvIcKO7cZVirSO3FHoL"
"4","Club","Plymouth State Univ.","Plymouth State University","exact","6t6Mv0C7I0aUVZYwE9mj"
"4","Club","Point Loma Nazarene","Point Loma Nazarene University","contains","5siPw35PSgPapDhyKW8H"
"4","Club","Point Park Univ.","Point Park University","exact","ZOsIJ9Jef9lOa7C8UX5X"
"4","Club","Princeton","Princeton University","contains","E5O9ysOqhjEGI2iZL8Hw"
"4","Club","Providence College","Providence College","exact","B4TkMQv9kCl2zl26Ehfs"
"4","Club","Purdue","Purdue University","fuzzy 1.00","2sjbolD1QcdAB2GSrny8"
"4","Club","Quinnipiac Univ.","Quinnipiac University","exact","gpNbextKA53XnxAGqWxP"
"4","Club","Radford Univ.","Radford University","exact","8OKz7VCaVf19z6JelzYn"
"4","Club","Regis Univ.","Regis University","exact","pjsOfqO0lx1k50DyVPxf"
"4","Club","Rice","Rice University","contains","5te8euKK7DDjye6w5jmY"
"4","Club","Roanoke College","Roanoke College","exact","NJsl0nw8sVU7GSLZ0QNd"
"4","Club","Robert Morris Univ.","Robert Morris University","exact","wZZOVGWBWyUXycXd0puu"
"4","Club","RIT","Rochester Institute of Technology","alias","G9IZis2qKcuoO5VywE1v"
"4","Club","Rowan","Rowan University","contains","ECiUuP6Ar9ItpNJFGYPx"
"4","Club","Rutgers","Rutgers University","contains","98uakWXKowWDTQbogAXk"
"4","Club","Sacred Heart Univ.","Sacred Heart University","exact","gVmhgPztTWBgFspGu1ub"
"4","Club","Saginaw Valley","Saginaw Valley State University","contains","LWPIlQFDfGdP6kMRWnBS"
"4","Club","Saint Vincent College","Saint Vincent College","exact","wCQVy5oq19aPnPYbfOTi"
"4","Club","Salisbury","Salisbury University","contains","TIAs7vxKYHsahuXcVKmj"
"4","Club","Salve Regina Univ.","Salve Regina University","exact","7EHlwLLRMO8VwjtJpBiP"
"4","Club","San Diego State","San Diego State University","contains","paR0202snns5XGUu0pcF"
"4","Club","SFSU","San Francisco State University","alias","P13hsiu4gRIyioQvxPUs"
"4","Club","SJSU","San Jose State University","alias","qQb6psxoXOfogTFftlkB"
"4","Club","Santa Clara","Santa Clara University","contains","OY6djwQVAHOgMRW41MVo"
"4","Club","Seton Hall Univ.","Seton Hall University","exact","pWjGwl9GDd0PcnJ6W4BA"
"4","Club","Sewanee: The Univ. of the South","Sewanee: The University of the South","exact","sPtoiWQXcBT6CsgqTHhg"
"4","Club","Shippensburg Univ.","Shippensburg University","exact","ZNrSYdJdwMsbp0XX6efG"
"4","Club","Sonoma State","Sonoma State University","contains","Y2BmVjGavpqd7mWQ1rBq"
"4","Club","Southeastern Louisiana Univ.","Southeastern Louisiana University","exact","7FPEeJII3G59IG5o0ej8"
"4","Club","Southern Connecticut State Univ.","Southern Connecticut State University","exact","a5Hp7GROdbsc2IY3xVXb"
"4","Club","Southern Methodist Univ.","Southern Methodist University","exact","Ycl3odbhC4v57C38a4E7"
"4","Club","Southwest Minnesota State Univ.","Southwest Minnesota State University","exact","YHebq62x20Qzo0UneDMR"
"4","Club","Spring Hill College","Spring Hill College","exact","sA88wfoqorWkzSq8HCMQ"
"4","Club","Springfield College","Springfield College","exact","IR3sVxeAFgKQaIiVDdrw"
"4","Club","St. Francis Univ.","St. Francis College","fuzzy 1.00","gCcszO8ON3VvV8BgvyuP"
"4","Club","St. John's Univ.","St. John's University","exact","Du8knaPZkb8jFwVr2MMB"
"4","Club","St. Lawrence Univ.","St. Lawrence University","exact","fluaYSaTnPIr2D8D1JGG"
"4","Club","St. Michael's College","St. Michael's College","exact","BH0lbINaKIHjgqJ8uCof"
"4","Club","St. Olaf College","St. Olaf College","exact","LawFfwgYl6EFw2yw2Tkh"
"4","Club","Stonehill College","Stonehill College","exact","gZZpomVyeDf7Ey0vYoTV"
"4","Club","Stony Brook","Stony Brook University (SUNY)","contains","sOcofQkhwGQG5zqnRIwV"
"4","Club","SUNY - Brockport","SUNY Brockport","exact","zQgFNPljwLuBIiGp7DtS"
"4","Club","SUNY - Buffalo State College","SUNY Buffalo State College","exact","ephzerik188r8Jw1JYjn"
"4","Club","SUNY - Fredonia","SUNY Fredonia","exact","IWjqtkug0VRJBAf7DrLd"
"4","Club","SUNY - Geneseo","SUNY Geneseo","exact","BZr8PXdtpEGLe9uwcez6"
"4","Club","SUNY - Maritime College","SUNY Maritime College","exact","MjJeEeFTkKYl8ZATfjVo"
"4","Club","SUNY - New Paltz","SUNY New Paltz","exact","vfakCSoCl0PRkncR80W5"
"4","Club","SUNY - Oneonta","SUNY Oneonta","exact","wU9qcyru5Tcp8sxPqdZL"
"4","Club","SUNY Oswego","SUNY Oswego","exact","yByohZ2BtynJc9WLC3xM"
"4","Club","SUNY - Plattsburgh","SUNY Plattsburgh","exact","DRC1yfb3MF1AFvFIcq0X"
"4","Club","SUNY - Potsdam","SUNY Potsdam","exact","3WMArrnnJ0kDVpELkAwD"
"4","Club","Susquehanna Univ.","Susquehanna University","exact","ENaEdr3s0lcJXxoOgNA9"
"4","Club","Swarthmore College","Swarthmore College","exact","IKu72oQFaBisL0MpMbIH"
"4","Club","Taylor Univ.","Taylor University","exact","jDeO5zHFHbKIpzrV7r31"
"4","Club","Temple","Temple University","contains","leALfKXgpsAsLlVKeJ4p"
"4","Club","Tennessee Tech","Tennessee Tech University","fuzzy 1.00","0qXI8C9YsQLNSP2W1bl0"
"4","Club","Texas A&M Univ. - Corpus Christi","Texas A&M University-Corpus Christi","exact","FS6Uh3YN3yv2WlCHdLp6"
"4","Club","Texas Christian","Texas Christian University","contains","oxxYNMYZ6tuHF6FhT8Hd"
"4","Club","Texas Christian Univ.","Texas Christian University","exact","oxxYNMYZ6tuHF6FhT8Hd"
"4","Club","Texas State","Texas State University","contains","q0awgR7mYOBqZeLo5oDK"
"4","Club","The Citadel","The Citadel","exact","SNyypVLFWvqlm8EIuoob"
"4","Club","The College of New Jersey","The College of New Jersey","exact","4UxbdkaQtYXcfp6ZfpBE"
"4","Club","Thomas College","Thomas College","exact","zhaufhPHWronHFGgf4ar"
"4","Club","Tiffin Univ.","Tiffin University","exact","BFq2T1J1euzq6wKNVYNd"
"4","Club","Towson","Towson University","contains","w889niiwi4nAPXcPqv3u"
"4","Club","Trinity College","Trinity College","exact","L69wIVRJd8lAuxjXE9WW"
"4","Club","Trinity Univ. San Antonio","Trinity University","contains","2ZkXwv2SmxKcOZKb0GxL"
"4","Club","Truman State","Truman State University","contains","oYHQnLSHQb5NtsFxjRYf"
"4","Club","Tufts Univ.","Tufts University","exact","UHqO3sBmDIeWuqWidfT6"
"4","Club","Tulane Univ.","Tulane University","exact","xlzmRGZ4hvF9RFtt9sUH"
"4","Club","Union College","Union College","exact","U5cyuNeBfa5DMO49Q7ji"
"4","Club","Air Force","United States Air Force Academy","alias","kps1ag8qylrZux6qQ2ln"
"4","Club","SUNY Albany","University at Albany (SUNY)","fuzzy 1.00","sc6O976KmvfOn4uoAvu2"
"4","Club","Alabama","University of Alabama","tiebreak","sgo0OBA5mmGOViH6FUqU"
"4","Club","Univ. of Alabama - Huntsville","University of Alabama","contains","sgo0OBA5mmGOViH6FUqU"
"4","Club","Arkansas","University of Arkansas","tiebreak","k58DDP3lnE48J7DYuAhW"
"4","Club","UC Davis","University of California, Davis","alias","Ug7gwmrpcO1MMLCqhT9w"
"4","Club","UC San Diego","University of California, San Diego","alias","GxIv6pyLFYsO3ZAcSjjC"
"4","Club","UCSB","University of California, Santa Barbara","alias","PbmpZNF31EqeIS0WXeiO"
"4","Club","UCSC","University of California, Santa Cruz","alias","TxibOeGTj56xMNzU2MVA"
"4","Club","Central Florida","University of Central Florida","contains","6bHpOhcbzWr1hP3rOq31"
"4","Club","Central Missouri","University of Central Missouri","contains","4G0mK3hllNlTXyLXyyR4"
"4","Club","Chicago","University of Chicago","tiebreak","0phQgI4gU1dMjmg599cg"
"4","Club","Cincinnati","University of Cincinnati","contains","xpcMhfqMG36NDfh55FOb"
"4","Club","Univ. of Colorado at Colorado Springs","University of Colorado Colorado Springs","fuzzy 1.00","uyKnJYxfb8YhnEoIBpQM"
"4","Club","UConn","University of Connecticut","alias","5PIat6YQAYOnOjtBj32a"
"4","Club","Univ. of Dallas","University of Dallas","exact","LPwviYIVrf5pQGQWXEOT"
"4","Club","Dallas","University of Dallas","tiebreak","LPwviYIVrf5pQGQWXEOT"
"4","Club","Dayton","University of Dayton","contains","MwGNOjiGdgXYDQJe7Nc7"
"4","Club","Delaware","University of Delaware","contains","s8MWmExkIBR5w1fFHx0r"
"4","Club","Florida","University of Florida","tiebreak","56n7RCkV5ekUozEOybUv"
"4","Club","Georgia","University of Georgia","tiebreak","gkNuNENXeo7FWXckhnJc"
"4","Club","Univ. of Hartford","University of Hartford","exact","jaxbU4RUb1f6w4EyQJL9"
"4","Club","Houston","University of Houston","tiebreak","M5pjYmzJXD9zPRhs57gP"
"4","Club","Univ. of Idaho","University of Idaho","exact","zoLGCxKF26PO04qOZwqY"
"4","Club","Iowa","University of Iowa","tiebreak","SNyQRBGqxeppzb5VJuoj"
"4","Club","Kansas","University of Kansas","tiebreak","97KGpG3BYSKOZG5fhceW"
"4","Club","Univ. of Louisiana - Lafayette","University of Louisiana at Lafayette","fuzzy 1.00","5hoZYmir2GjECkYtsocu"
"4","Club","Univ. of Maine - Farmington","University of Maine","contains","i5mVMx3cZZQ6akEfrBJZ"
"4","Club","Maine-Orono","University of Maine - Orono","contains","yi3smGBmVcov6J6CXiO0"
"4","Club","Maryland","University of Maryland","tiebreak","XQ8vmpm7aiDcMZPfrE3B"
"4","Club","UMBC","University of Maryland, Baltimore County","alias","US2upWPSPIYvQENItcyl"
"4","Club","UMass","University of Massachusetts Amherst","alias","Y04uDAPej40sbzR40ot6"
"4","Club","Univ. of Massachusetts - Dartmouth","University of Massachusetts Dartmouth","exact","aIzXGvre4a7zzUSu9W2b"
"4","Club","Memphis","University of Memphis","contains","2C05Mnv4ejShHn5Vh2r4"
"4","Club","Miami","University of Miami","tiebreak","AjPa0AVV4AroqB4RW3iD"
"4","Club","Michigan","University of Michigan","tiebreak","pKQbIGe6HbQudseHgiWM"
"4","Club","Minnesota-Duluth","University of Minnesota Duluth","contains","Ukb5ELafrMdrYz8D5AfO"
"4","Club","Univ. of Minnesota - Morris","University of Minnesota Morris","exact","g0E6hbJ8p5Kr9L3skrkQ"
"4","Club","MIssouri","University of Missouri","tiebreak","2URm1kEW3q04xMBTwdz4"
"4","Club","Montana","University of Montana","tiebreak","7CBv456nQGiGE22rTu3q"
"4","Club","Nevada-Reno","University of Nevada, Reno","contains","Vvtu25DqakUOdiVuF7xX"
"4","Club","Univ. of New England","University of New England","exact","rBmFSg7yT8LapH4TJJqy"
"4","Club","New Hampshire","University of New Hampshire","contains","jTgTaA2qRKz1PE1tcWLY"
"4","Club","Univ. of New Haven","University of New Haven","exact","T78PKaEiia3mVninkWIW"
"4","Club","Univ. of New Mexico","University of New Mexico","exact","ojEVbbbYX6PlVPXJxVJo"
"4","Club","Univ. of North Alabama","University of North Alabama","exact","SyQOGcH5MvAxWdkwYNqr"
"4","Club","UNC Chapel Hill","University of North Carolina at Chapel Hill","alias","lM69OmSjvLADIUJ6cNFw"
"4","Club","UNC Charlotte","University of North Carolina at Charlotte","alias","5FiljzJkdSXkBIntiAoF"
"4","Club","Univ. of North Carolina Greensboro","University of North Carolina at Greensboro","fuzzy 1.00","RyTBesbx7mJrcwRnUHh0"
"4","Club","North Dakota","University of North Dakota","tiebreak","odnDyUgRIFR3vjUVlE0u"
"4","Club","North Florida","University of North Florida","contains","MxW1zPtRNDs303D8MFXO"
"4","Club","North Georgia","University of North Georgia","contains","ciFEHcMD42usVeZ5lxi4"
"4","Club","Univ. of North Georgia","University of North Georgia","exact","ciFEHcMD42usVeZ5lxi4"
"4","Club","Univ. of Northern Colorado","University of Northern Colorado","exact","F9rS7mjT7vsMMKIdTwlj"
"4","Club","Northern Iowa","University of Northern Iowa","contains","grM0FnRMxUODmn0YyPfv"
"4","Club","Oklahoma","University of Oklahoma","tiebreak","NCmuOlp30V8UF0tq4PR2"
"4","Club","Oregon","University of Oregon","tiebreak","N8Gcm1cn6H0CsISCtx6k"
"4","Club","Penn","University of Pennsylvania","alias","c9wqbRt3HmG7qlPy4Ehq"
"4","Club","Pitt","University of Pittsburgh","alias","GwxAs6R9fpMrqbtF4cmd"
"4","Club","Pittsburgh","University of Pittsburgh","tiebreak","GwxAs6R9fpMrqbtF4cmd"
"4","Club","Univ. of Pittsburgh - Johnstown","University of Pittsburgh","contains","GwxAs6R9fpMrqbtF4cmd"
"4","Club","Univ. of Puget Sound","University of Puget Sound","exact","xMDBmeFZbAw4GmqcdVjB"
"4","Club","Rhode Island","University of Rhode Island","contains","VtcBpTPe4ml0jYzgsXFi"
"4","Club","Richmond","University of Richmond","contains","Zcoi6KVlhj0K6J6GWHlF"
"4","Club","Univ. of Richmond","University of Richmond","exact","Zcoi6KVlhj0K6J6GWHlF"
"4","Club","Univ. of Rochester","University of Rochester","exact","6tVCtndtDJRzJU8jyjZi"
"4","Club","Scranton","University of Scranton","contains","UZkeAYtLzfr81C98Gby5"
"4","Club","South Florida","University of South Florida","contains","KyjqqAGdN4zepPtynKAJ"
"4","Club","USC","University of Southern California","alias","giYEWvkX93KOoYcNes23"
"4","Club","Univ. of Southern Indiana","University of Southern Indiana","exact","PIXRQT3Xc9jkU52npyiy"
"4","Club","St. Thomas (MN)","University of St. Thomas","alias","CT54LuNOevBTqP7RvLHU"
"4","Club","Univ. of Texas - Dallas","University of Texas at Dallas","fuzzy 1.00","e2lVZa3p5zQxIqmRplKe"
"4","Club","UTEP","University of Texas at El Paso","alias","eRRe22eWdT63YPsdKQM6"
"4","Club","Utah","University of Utah","tiebreak","dqS1tmLkUkbbFwrxj8LS"
"4","Club","Vermont","University of Vermont","contains","MjWGZ3zQ8hENkK9MiGvJ"
"4","Club","Univ. of Virginia","University of Virginia","exact","3UE6VNOCdbvWucO1z0o3"
"4","Club","Virginia","University of Virginia","tiebreak","3UE6VNOCdbvWucO1z0o3"
"4","Club","Washington","University of Washington","tiebreak","SVEtUS0NWIdEviuvYD4g"
"4","Club","Wisconsin-Milwaukee","University of Wisconsin-Milwaukee","contains","oMHXJaFt4uqKYLBtJyX5"
"4","Club","Wisconsin-Platteville","University of Wisconsin-Platteville","contains","rDspdulhDc0PE2EXWWDg"
"4","Club","Univ. of Wisconsin - Stout","University of Wisconsin-Stout","exact","pugrxUuHc3UZMDdjRWeD"
"4","Club","Wisconsin-Whitewater","University of Wisconsin-Whitewater","contains","QDb4ltPjHKyAddQBS2LI"
"4","Club","Wyoming","University of Wyoming","contains","pMlReMUA8X7T5tEHhQJv"
"4","Club","Ursinus College","Ursinus College","exact","PToI6LAZ4Nn7BuFfwP9v"
"4","Club","Utah State","Utah State University","contains","8HPnmTHMIyh95ikYx1Vq"
"4","Club","Utah Valley","Utah Valley University","contains","vkSXE1S2iij96Grf3m7h"
"4","Club","Valdosta State Univ.","Valdosta State University","exact","ZjRTEsTvvZtF2rsBswIM"
"4","Club","Valdosta State","Valdosta State University","contains","ZjRTEsTvvZtF2rsBswIM"
"4","Club","Valley Forge Military College","Valley Forge Military College","exact","spDULyn3s5Iof2E7nXD4"
"4","Club","Vanderbilt Univ.","Vanderbilt University","exact","6f6v61YSuenTh5sCQCyV"
"4","Club","Villanova","Villanova University","contains","vhVmuYTlLXmZ1hOwOGzX"
"4","Club","Virginia Commonwealth Univ.","Virginia Commonwealth University","exact","ME7ielcuxAwkWbSV3G3Z"
"4","Club","VCU","Virginia Commonwealth University","alias","ME7ielcuxAwkWbSV3G3Z"
"4","Club","VMI","Virginia Military Institute","alias","of4NHQ8Gm54WG2D3YpWN"
"4","Club","Virginia Tech","Virginia Polytechnic Institute and State University","alias","zeuaC15k1LJX1ZDipBtn"
"4","Club","Wabash College","Wabash College","exact","jnxsghXg1aIT0C0y9akV"
"4","Club","Wake Forest Univ.","Wake Forest University","exact","Qp3wLpdtN2Nj2w9SbOKu"
"4","Club","Washington and Lee Univ.","Washington and Lee University","exact","TsiMxXD8A0d5H7yu2T5G"
"4","Club","Washington State Univ.","Washington State University","exact","mJZLTPZV8YJKP2TF8ZDt"
"4","Club","Wash U (St. Louis)","Washington University in St. Louis","alias","aVV8oTBUvt1sVO0fKsiV"
"4","Club","Weber State Univ.","Weber State University","exact","PxAnJEQblXLGn4gRAZiG"
"4","Club","Wentworth Institute of Technology","Wentworth Institute of Technology","exact","FdTt2HYDmKg0NamI8nPj"
"4","Club","Wesleyan Univ.","Wesleyan University","exact","K0rQKGSByfauxyeyn7B5"
"4","Club","Ohio Wesleyan Univ.","Wesleyan University","contains","K0rQKGSByfauxyeyn7B5"
"4","Club","West Chester","West Chester University of Pennsylvania","contains","ryut4GthWbgvXvton53Q"
"4","Club","West Virginia Univ.","West Virginia University","exact","ZkzBbicAdWtdRLcGX4wH"
"4","Club","Western Carolina Univ.","Western Carolina University","exact","TCf2UtHO3JueCnIXfhIO"
"4","Club","Western Carolina","Western Carolina University","contains","TCf2UtHO3JueCnIXfhIO"
"4","Club","Western Colorado Univ.","Western Colorado University","exact","DsEedQ4ZG9a6TYW3ljJB"
"4","Club","Western Kentucky Univ.","Western Kentucky University","exact","2Sy5zKNGGfWl4zcYoEIn"
"4","Club","Western Kentucky","Western Kentucky University","contains","2Sy5zKNGGfWl4zcYoEIn"
"4","Club","Western New England Univ.","Western New England University","exact","O9R6czveyHLDmhgwe5nW"
"4","Club","Western Oregon Univ.","Western Oregon University","exact","wkQdb8qFKl3tEynGretB"
"4","Club","Westfield State Univ.","Westfield State University","exact","0yCiefLVYuYQrEgwZJzP"
"4","Club","Wheaton College","Wheaton College","exact","f85EJIdenYpAMfC8cO7w"
"4","Club","Widener Univ.","Widener University","exact","9KDskT8pEG0CYNVM2oDG"
"4","Club","Willamette Univ.","Willamette University","exact","bAgGLWZjXbYosDcgxvo0"
"4","Club","WIlliam Paterson Univ.","William Paterson University","exact","VnsoGzXP66glpSaRSyC3"
"4","Club","Williams College","Williams College","exact","JgOxLvcc89moiugR6pRM"
"4","Club","Winona State Univ.","Winona State University","exact","HjoEPIGjvsiX6LT5IvlY"
"4","Club","Worcester Polytechnic Institute","Worcester Polytechnic Institute","exact","csEzJH8IeELwSZ1hVWNH"
"4","Club","Xavier Univ.","Xavier University","exact","fC3bx0ZMNuvHE7U0Qcrx"
"4","Club","York College","York College of Pennsylvania","contains","1qjMry3v24IUomtysQip"